{
  "total_trades": 139,
  "wins": 62,
  "losses": 77,
  "avg_pnl": -0.0010789881839495087,
  "equity_curve": [
    0.0040920868559204465,
    0.01169219006719821,
    0.02490285912133839,
    0.030147127859140824,
    0.03543574066580003,
    0.03659554485935108,
    0.031037156010246533,
    0.0323268509460739,
    0.03551934911163843,
    0.039481554939073446,
    0.038517140062080624,
    0.03509253439508842,
    0.03476218253919613,
    0.035967311496888144,
    0.04419962074226682,
    0.051864773558377014,
    0.0557899066959727,
    0.05525009371275984,
    0.05031290450107147,
    0.0475222274362004,
    0.04619100113925156,
    0.04870807462181556,
    0.05295283316336879,
    0.05419011944725516,
    0.05478086915831079,
    0.0527565149467774,
    0.04983508029218808,
    0.04876223688476616,
    0.04695121891369072,
    0.042843266826205484,
    0.0395225997111035,
    0.037771410517022604,
    0.035065597988134335,
    0.03641521570024277,
    0.03912402734706463,
    0.04087735369314647,
    0.04360150735177173,
    0.04628057272469603,
    0.04980820838388551,
    0.05037891079093781,
    0.05264491706344121,
    0.054101868830017,
    0.051435699235834506,
    0.049758230080906796,
    0.0495213918361253,
    0.050827043239567736,
    0.05836106363542657,
    0.06958420329633919,
    0.07742496039100936,
    0.08184263815624596,
    0.08219656512082578,
    0.07880847755960922,
    0.07515325638455875,
    0.07144259822312865,
    0.06722816860577013,
    0.06523234823311701,
    0.06653221490669717,
    0.06778214778882193,
    0.0690803080825545,
    0.06786803438317522,
    0.05964266487318784,
    0.051830391405833405,
    0.04262973067426369,
    0.0318561700027777,
    0.0253687487748177,
    0.0194172002569512,
    0.014572659211370622,
    0.015625767347964822,
    0.018257453957580227,
    0.026035565958832843,
    0.03588328567333149,
    0.03995761464786657,
    0.03893095792268836,
    0.03211457742690955,
    0.025428547571163487,
    0.017730956471657552,
    0.013601008583864727,
    0.009369663053289672,
    0.004878190996383145,
    0.005347404951714085,
    0.009170005655520907,
    0.01663087598044152,
    0.02089888523417623,
    0.0234320575165747,
    0.01931049536474675,
    0.008969888583742392,
    -0.0016229956708522352,
    -0.01466335107507162,
    -0.028789416423246516,
    -0.04048827922732986,
    -0.04929096058512571,
    -0.053110921361833485,
    -0.05067513688321886,
    -0.04857324527109442,
    -0.04699626431853318,
    -0.04751699911316764,
    -0.05109284627514854,
    -0.05256848871563454,
    -0.056017541104479866,
    -0.06003288535921357,
    -0.06702057573274144,
    -0.07615864497972116,
    -0.08658928609465992,
    -0.09324850942635109,
    -0.09513384781145966,
    -0.09438620330096248,
    -0.0883824714980641,
    -0.0853434554806945,
    -0.0823312265949287,
    -0.08034644176468055,
    -0.08409021536155899,
    -0.08893019687174229,
    -0.09763596158785429,
    -0.10720231354407295,
    -0.1149994462290096,
    -0.12022806161082451,
    -0.12358305538299212,
    -0.12364248656260085,
    -0.12378698651047142,
    -0.12080043058154596,
    -0.11780135681987586,
    -0.11670158975474586,
    -0.11566161634601012,
    -0.11328359473243631,
    -0.10787777491973756,
    -0.10658693477971455,
    -0.10505672194102003,
    -0.10647574023836186,
    -0.10859877846938129,
    -0.10843771944716456,
    -0.11161973971700602,
    -0.11168611548203257,
    -0.11506653847109016,
    -0.11986579794117148,
    -0.12884031903470797,
    -0.13910818510349143,
    -0.14535787753988771,
    -0.149427918404669,
    -0.14997935756898167
  ],
  "max_drawdown": 0.23217592268980747,
  "profit_factor": 0.5878878542473523,
  "by_strategy": {
    "FIB_CONF": {
      "count": 138,
      "wins": 62,
      "losses": 76,
      "pnl_sum": -0.149427918404669,
      "avg_pnl": -0.001082811002932384,
      "win_rate": 0.4492753623188406
    },
    "PA_HG": {
      "count": 1,
      "wins": 0,
      "losses": 1,
      "pnl_sum": -0.0005514391643126752,
      "avg_pnl": -0.0005514391643126752,
      "win_rate": 0.0
    }
  }
}